id_typ_produktu,nazwa_typu_produktu
1,typ_1
2,typ_2
3,typ_3
4,typ_4
5,typ_5
6,typ_6
7,typ_7
8,typ_8
9,typ_9
10,typ_10
11,typ_11
12,typ_12
13,typ_13
14,typ_14
15,typ_15
16,typ_16
17,typ_17
18,typ_18
19,typ_19
20,typ_20
21,typ_21
22,typ_22
23,typ_23
24,typ_24
25,typ_25
26,typ_26
27,typ_27
28,typ_28
29,typ_29
30,typ_30
31,typ_31
32,typ_32
33,typ_33
34,typ_34
35,typ_35
36,typ_36
37,typ_37
38,typ_38
39,typ_39
40,typ_40
41,typ_41
42,typ_42
43,typ_43
44,typ_44
45,typ_45
46,typ_46
47,typ_47
48,typ_48
49,typ_49
50,typ_50
51,typ_51
52,typ_52
53,typ_53
54,typ_54
55,typ_55
56,typ_56
57,typ_57
58,typ_58
59,typ_59
60,typ_60
61,typ_61
62,typ_62
63,typ_63
64,typ_64
65,typ_65
66,typ_66
67,typ_67
68,typ_68
69,typ_69
70,typ_70
71,typ_71
72,typ_72
73,typ_73
74,typ_74
75,typ_75
76,typ_76
77,typ_77
78,typ_78
79,typ_79
80,typ_80
81,typ_81
82,typ_82
83,typ_83
84,typ_84
85,typ_85
86,typ_86
87,typ_87
88,typ_88
89,typ_89
90,typ_90
91,typ_91
92,typ_92
93,typ_93
94,typ_94
95,typ_95
96,typ_96
97,typ_97
98,typ_98
99,typ_99
100,typ_100
101,typ_101
102,typ_102
103,typ_103
104,typ_104
105,typ_105
106,typ_106
107,typ_107
108,typ_108
109,typ_109
110,typ_110
111,typ_111
112,typ_112
113,typ_113
114,typ_114
115,typ_115
116,typ_116
117,typ_117
118,typ_118
119,typ_119
120,typ_120
121,typ_121
122,typ_122
123,typ_123
124,typ_124
125,typ_125
126,typ_126
127,typ_127
128,typ_128
129,typ_129
130,typ_130
131,typ_131
132,typ_132
133,typ_133
134,typ_134
135,typ_135
136,typ_136
137,typ_137
138,typ_138
139,typ_139
140,typ_140
141,typ_141
142,typ_142
143,typ_143
144,typ_144
145,typ_145
146,typ_146
147,typ_147
148,typ_148
149,typ_149
150,typ_150
151,typ_151
152,typ_152
153,typ_153
154,typ_154
155,typ_155
156,typ_156
157,typ_157
158,typ_158
159,typ_159
160,typ_160
161,typ_161
162,typ_162
163,typ_163
164,typ_164
165,typ_165
166,typ_166
167,typ_167
168,typ_168
169,typ_169
170,typ_170
171,typ_171
172,typ_172
173,typ_173
174,typ_174
175,typ_175
176,typ_176
177,typ_177
178,typ_178
179,typ_179
180,typ_180
181,typ_181
182,typ_182
183,typ_183
184,typ_184
185,typ_185
186,typ_186
187,typ_187
188,typ_188
189,typ_189
190,typ_190
191,typ_191
192,typ_192
193,typ_193
194,typ_194
195,typ_195
196,typ_196
197,typ_197
198,typ_198
199,typ_199
200,typ_200
201,typ_201
202,typ_202
203,typ_203
204,typ_204
205,typ_205
206,typ_206
207,typ_207
208,typ_208
209,typ_209
210,typ_210
211,typ_211
212,typ_212
213,typ_213
214,typ_214
215,typ_215
216,typ_216
217,typ_217
218,typ_218
219,typ_219
220,typ_220
221,typ_221
222,typ_222
223,typ_223
224,typ_224
225,typ_225
226,typ_226
227,typ_227
228,typ_228
229,typ_229
230,typ_230
231,typ_231
232,typ_232
233,typ_233
234,typ_234
235,typ_235
236,typ_236
237,typ_237
238,typ_238
239,typ_239
240,typ_240
241,typ_241
242,typ_242
243,typ_243
244,typ_244
245,typ_245
246,typ_246
247,typ_247
248,typ_248
249,typ_249
250,typ_250
251,typ_251
252,typ_252
253,typ_253
254,typ_254
255,typ_255
256,typ_256
257,typ_257
258,typ_258
259,typ_259
260,typ_260
261,typ_261
262,typ_262
263,typ_263
264,typ_264
265,typ_265
266,typ_266
267,typ_267
268,typ_268
269,typ_269
270,typ_270
271,typ_271
272,typ_272
273,typ_273
274,typ_274
275,typ_275
276,typ_276
277,typ_277
278,typ_278
279,typ_279
280,typ_280
281,typ_281
282,typ_282
283,typ_283
284,typ_284
285,typ_285
286,typ_286
287,typ_287
288,typ_288
289,typ_289
290,typ_290
291,typ_291
292,typ_292
293,typ_293
294,typ_294
295,typ_295
296,typ_296
297,typ_297
298,typ_298
299,typ_299
300,typ_300
301,typ_301
302,typ_302
303,typ_303
304,typ_304
305,typ_305
306,typ_306
307,typ_307
308,typ_308
309,typ_309
310,typ_310
311,typ_311
312,typ_312
313,typ_313
314,typ_314
315,typ_315
316,typ_316
317,typ_317
318,typ_318
319,typ_319
320,typ_320
321,typ_321
322,typ_322
323,typ_323
324,typ_324
325,typ_325
326,typ_326
327,typ_327
328,typ_328
329,typ_329
330,typ_330
331,typ_331
332,typ_332
333,typ_333
334,typ_334
335,typ_335
336,typ_336
337,typ_337
338,typ_338
339,typ_339
340,typ_340
341,typ_341
342,typ_342
343,typ_343
344,typ_344
345,typ_345
346,typ_346
347,typ_347
348,typ_348
349,typ_349
350,typ_350
351,typ_351
352,typ_352
353,typ_353
354,typ_354
355,typ_355
356,typ_356
357,typ_357
358,typ_358
359,typ_359
360,typ_360
361,typ_361
362,typ_362
363,typ_363
364,typ_364
365,typ_365
366,typ_366
367,typ_367
368,typ_368
369,typ_369
370,typ_370
371,typ_371
372,typ_372
373,typ_373
374,typ_374
375,typ_375
376,typ_376
377,typ_377
378,typ_378
379,typ_379
380,typ_380
381,typ_381
382,typ_382
383,typ_383
384,typ_384
385,typ_385
386,typ_386
387,typ_387
388,typ_388
389,typ_389
390,typ_390
391,typ_391
392,typ_392
393,typ_393
394,typ_394
395,typ_395
396,typ_396
397,typ_397
398,typ_398
399,typ_399
400,typ_400